[{"categories": [], "created_at": "2020-01-05 13:42:29.569033", "icon_url": "https://assets.chucknorris.host/img/avatar/chuck-norris.png", "id": "9buwTSw7QaSQddvOTPEz_g", "updated_at": "2020-01-05 13:42:29.569033", "url": "https://api.chucknorris.io/jokes/9buwTSw7QaSQddvOTPEz_g", "value": "Little known fact: Talking Shit About Chuck Norris is the eighth Deadly Sin. And by far the most deadly."}, {"categories": [], "created_at": "2020-01-05 13:42:28.664997", "icon_url": "https://assets.chucknorris.host/img/avatar/chuck-norris.png", "id": "Wn3Ni8D2QzScWm2Qk6IKbg", "updated_at": "2020-01-05 13:42:28.664997", "url": "https://api.chucknorris.io/jokes/Wn3Ni8D2QzScWm2Qk6IKbg", "value": "Chuck Norris drinks his martini stirred, not shaken"}, {"categories": [], "created_at": "2020-01-05 13:42:30.177068", "icon_url": "https://assets.chucknorris.host/img/avatar/chuck-norris.png", "id": "5asUarVxS_WiOB-At8h4Ng", "updated_at": "2020-01-05 13:42:30.177068", "url": "https://api.chucknorris.io/jokes/5asUarVxS_WiOB-At8h4Ng", "value": "the pills from \"Limitless\" was made from Chuck Norris' shit."}, {"categories": [], "created_at": "2020-01-05 13:42:18.823766", "icon_url": "https://assets.chucknorris.host/img/avatar/chuck-norris.png", "id": "rhJhURPFS5W5l9LHt4B2Dg", "updated_at": "2020-01-05 13:42:18.823766", "url": "https://api.chucknorris.io/jokes/rhJhURPFS5W5l9LHt4B2Dg", "value": "A fundamental concept in Judaism is the belief in the coming of the messiah. I'm not sure what they waiting for. Chuck Norris is already here!."}, {"categories": [], "created_at": "2020-01-05 13:42:28.984661", "icon_url": "https://assets.chucknorris.host/img/avatar/chuck-norris.png", "id": "085c_ObbSFSpHwHEdurqGQ", "updated_at": "2020-01-05 13:42:28.984661", "url": "https://api.chucknorris.io/jokes/085c_ObbSFSpHwHEdurqGQ", "value": "Chuck Norris doesn't need sleep. He gets plenty every time he blinks."}, {"categories": [], "created_at": "2020-01-05 13:42:19.324003", "icon_url": "https://assets.chucknorris.host/img/avatar/chuck-norris.png", "id": "hDcGmU_vTQyZiMGSQMXSLQ", "updated_at": "2020-01-05 13:42:19.324003", "url": "https://api.chucknorris.io/jokes/hDcGmU_vTQyZiMGSQMXSLQ", "value": "As a child, Chuck Norris never failed a test in school. Tests failed Chuck Norris."}, {"categories": ["explicit"], "created_at": "2020-01-05 13:42:29.855523", "icon_url": "https://assets.chucknorris.host/img/avatar/chuck-norris.png", "id": "zEcP3zuTR8eDyFw9K0SrEQ", "updated_at": "2020-01-05 13:42:29.855523", "url": "https://api.chucknorris.io/jokes/zEcP3zuTR8eDyFw9K0SrEQ", "value": "You better watch out, you better not cry; you better not pout, I'm telling you why - Chuck Norris is coming to kill you. And have sex with every female member of your family."}, {"categories": [], "created_at": "2020-01-05 13:42:21.179347", "icon_url": "https://assets.chucknorris.host/img/avatar/chuck-norris.png", "id": "hBEB3v3iQi-K6uNeU2wZmg", "updated_at": "2020-01-05 13:42:21.179347", "url": "https://api.chucknorris.io/jokes/hBEB3v3iQi-K6uNeU2wZmg", "value": "Chuck Norris wipes his ass with a Brillo Pad."}, {"categories": [], "created_at": "2020-01-05 13:42:28.664997", "icon_url": "https://assets.chucknorris.host/img/avatar/chuck-norris.png", "id": "rMQ2azTRToyx3KB4h5aLNQ", "updated_at": "2020-01-05 13:42:28.664997", "url": "https://api.chucknorris.io/jokes/rMQ2azTRToyx3KB4h5aLNQ", "value": "Chuck Norris went to the bottom of the bottomless pit, he was so pissed there was a bottom, he roundhouse kicked it and now it truly is bottomless"}, {"categories": [], "created_at": "2020-01-05 13:42:21.455187", "icon_url": "https://assets.chucknorris.host/img/avatar/chuck-norris.png", "id": "F4teRRoqSFmT7-BNE5EjLQ", "updated_at": "2020-01-05 13:42:21.455187", "url": "https://api.chucknorris.io/jokes/F4teRRoqSFmT7-BNE5EjLQ", "value": "You don't just see Chuck Norris facts, you experience them and merely accept truth for what it is."}, {"categories": [], "created_at": "2020-01-05 13:42:19.576875", "icon_url": "https://assets.chucknorris.host/img/avatar/chuck-norris.png", "id": "bOUWlirySziJGGWqGjFndA", "updated_at": "2020-01-05 13:42:19.576875", "url": "https://api.chucknorris.io/jokes/bOUWlirySziJGGWqGjFndA", "value": "Chuck Norris once played truth or dare there where no survivors. no one dares Chuck Norris and no one asks Chuck Norris to tell the truth."}]